"Txhash","Blockno","UnixTimestamp","DateTime","From","To","ContractAddress","Value_IN(ETH)","Value_OUT(ETH)","CurrentValue @ $1563.21/Eth","TxnFee(ETH)","TxnFee(USD)","Historical $Price/Eth","Status","ErrCode","Method"
"0x211745f369eec692961d317815a67c288fd8bbbe90fa9e4bb3d5f627160c76c7","16287279","1672279055","2022-12-29 01:57:35","0xdafea492d9c6733ae3d56b7ed1adb60692c98bc5","0xa4c94a6091545e40fc9c3e0982aec8942e282f38","","0.030432019617670906","0","47.5716373865393","0.000272498173269","0.425971869435833","1200.06","","","Transfer",""
"0x180e063067c7050c6a6355c768d867cf74a83e06b49b4687345201842de131ee","16289627","1672307399","2022-12-29 09:49:59","0x690b9a9e9aa1c9db991c7721a92d351db4fac990","0xa4c94a6091545e40fc9c3e0982aec8942e282f38","","0.259354829679819082","0","405.42606330379","0.000296499809361","0.463491466991209","1200.06","","","Transfer",""
"0x82c4a21a74772bb0a10bb10a310179ecd5e8555d21994ffd7e30f56b04d78814","16291289","1672327463","2022-12-29 15:24:23","0xdafea492d9c6733ae3d56b7ed1adb60692c98bc5","0xa4c94a6091545e40fc9c3e0982aec8942e282f38","","0.026516978073155851","0","41.451605293738","0.000348147685431","0.544227943342594","1200.06","","","Transfer",""
"0x8667d293aebf2fcb521553621056ea8c37a043350b4feb36266ab5cbb46cc1d3","16292654","1672343939","2022-12-29 19:58:59","0xa4c94a6091545e40fc9c3e0982aec8942e282f38","0x8f846c443cfa44a6e95aacd2ac362b6cf4fd4335","","0","0","0","0.004309554844467153","6.7367392284195","1200.06","","","Restake",""
"0x04da032d537b46c32134ab4755c772ff7d63fffe26f1f26dc58e078ea193a919","16292951","1672347503","2022-12-29 20:58:23","0x690b9a9e9aa1c9db991c7721a92d351db4fac990","0xa4c94a6091545e40fc9c3e0982aec8942e282f38","","0.085024320207631493","0","132.910867591772","0.000314945406678","0.492325809173116","1200.06","","","Transfer",""
"0x9404bec063e1b1b63a811a563fdda8227e2cd8c40905348d54e8e42dea482361","16295039","1672372595","2022-12-30 03:56:35","0x95222290dd7278aa3ddd389cc1e1d165cc4bafe5","0xa4c94a6091545e40fc9c3e0982aec8942e282f38","","0.02821922600535683","0","44.1125762838339","0.000283094528745","0.442536198279471","1199.12","","","Transfer",""
"0x1b301d9bc87d214be04ad1483b94e0c1eeb0f78b648285c135f33ac902a80585","16295097","1672373291","2022-12-30 04:08:11","0xdafea492d9c6733ae3d56b7ed1adb60692c98bc5","0xa4c94a6091545e40fc9c3e0982aec8942e282f38","","0.053549205571299231","0","83.7086536411107","0.00036692781888","0.573585235751405","1199.12","","","Transfer",""
"0xc35e414c317d30dccd173718610a858ed6208d64027044550a580d476e76bd1d","16297123","1672397711","2022-12-30 10:55:11","0xfeebabe6b0418ec13b30aadf129f5dcdd4f70cea","0xa4c94a6091545e40fc9c3e0982aec8942e282f38","","0.030996861958319794","0","48.4546045818651","0.000263163674445","0.411380087529168","1199.12","","","Transfer",""
"0x2d43b64581b333f5f9f79449c1672ca593600c4cb87446269c43a70646aed3d1","16297202","1672398671","2022-12-30 11:11:11","0x95222290dd7278aa3ddd389cc1e1d165cc4bafe5","0xa4c94a6091545e40fc9c3e0982aec8942e282f38","","0.021649044852459353","0","33.842003403813","0.000272425057884","0.425857574734848","1199.12","","","Transfer",""
"0xf1a181692ee5f8dd3394aee1680ef086c733f485e511e3402a0e3845d56f6314","16298127","1672409867","2022-12-30 14:17:47","0x690b9a9e9aa1c9db991c7721a92d351db4fac990","0xa4c94a6091545e40fc9c3e0982aec8942e282f38","","0.0571316420500267","0","89.3087541690222","0.000283931250183","0.443844169598567","1199.12","","","Transfer",""
"0x972b705fed82c9256a92dfdd8e2700e57b9460adaf3f6b9beb8a9ba9d4216d58","16301244","1672447451","2022-12-31 00:44:11","0x690b9a9e9aa1c9db991c7721a92d351db4fac990","0xa4c94a6091545e40fc9c3e0982aec8942e282f38","","0.043964393781660662","0","68.7255800034298","0.000980197804383","1.53225500978955","1195.00","","","Transfer",""
"0x0d6f8c25d888cfb90e3aa8c9e631f4876d93a4621e1916215c65cf42981e8645","16301299","1672448111","2022-12-31 00:55:11","0xdafea492d9c6733ae3d56b7ed1adb60692c98bc5","0xa4c94a6091545e40fc9c3e0982aec8942e282f38","","0.046862908625210126","0","73.2565673920147","0.000425847287628","0.665688738492966","1195.00","","","Transfer",""
"0x9df95295e25331357048b28161cecb6e9ff45a8bb53944364d98a40b0cfefd84","16302633","1672464239","2022-12-31 05:23:59","0xdafea492d9c6733ae3d56b7ed1adb60692c98bc5","0xa4c94a6091545e40fc9c3e0982aec8942e282f38","","0.026978596804703193","0","42.1732123110801","0.000309983150757","0.48456876109485","1195.00","","","Transfer",""
"0xf75277fb630b40dd26aacf5a950129317060d314b684e55fe5cbdcfa0cbbc4f0","16304332","1672484711","2022-12-31 11:05:11","0x57af10ed3469b2351ae60175d3c9b3740e1bb649","0xa4c94a6091545e40fc9c3e0982aec8942e282f38","","0.016974788066318815","0","26.5351584531502","0.000312726867075","0.488857765880311","1195.00","","","Transfer",""
"0x813d36b523bbe4e155b9798e58307b6ce9500a5c4080c75e6518085713fb2a48","16306243","1672507787","2022-12-31 17:29:47","0x95222290dd7278aa3ddd389cc1e1d165cc4bafe5","0xa4c94a6091545e40fc9c3e0982aec8942e282f38","","0.016550753232014588","0","25.8723029598175","0.000322494803925","0.504127102443599","1195.00","","","Transfer",""
"0x62352eba52dbad1e9d67f03566bd0bec5267cabc400dc25ff0c58242b54adce2","16309122","1672542443","2023-01-01 03:07:23","0x95222290dd7278aa3ddd389cc1e1d165cc4bafe5","0xa4c94a6091545e40fc9c3e0982aec8942e282f38","","0.029130224573429744","0","45.5366583554311","0.00026706383634","0.417476859605051","1200.10","","","Transfer",""
"0x7c51cb0a240240525c9630c44fbd83da8f556620fa37b586836310844e628274","16312506","1672583183","2023-01-01 14:26:23","0xfeebabe6b0418ec13b30aadf129f5dcdd4f70cea","0xa4c94a6091545e40fc9c3e0982aec8942e282f38","","0.03022992108634148","0","47.2557149413799","0.000251717315073","0.393487024095264","1200.10","","","Transfer",""
"0x2f8cdd153ba1e671b6515f1e7d85629acca7da643c855e14ec9a1abd1fae9c5d","16312984","1672588967","2023-01-01 16:02:47","0x95222290dd7278aa3ddd389cc1e1d165cc4bafe5","0xa4c94a6091545e40fc9c3e0982aec8942e282f38","","0.053910087832508894","0","84.2727884006562","0.000491219386329","0.767879056903356","1200.10","","","Transfer",""
"0x49ebfba1823e936b21f29147a2e69a8df2d861d33d2494d9948439f9e42c0739","16313044","1672589699","2023-01-01 16:14:59","0x95222290dd7278aa3ddd389cc1e1d165cc4bafe5","0xa4c94a6091545e40fc9c3e0982aec8942e282f38","","0.092520311859143168","0","144.628676701331","0.00027126669192","0.424046805476263","1200.10","","","Transfer",""
"0xc4c4be2f2556eccde97dba43cf49e1a6d36fa287bbdd7d24b97b1d4d940f53d4","16315170","1672615295","2023-01-01 23:21:35","0xdafea492d9c6733ae3d56b7ed1adb60692c98bc5","0xa4c94a6091545e40fc9c3e0982aec8942e282f38","","0.092084572655725693","0","143.947524821157","0.000249151777833","0.389476550626324","1200.10","","","Transfer",""
"0x28c418802d2a376212c18b910562299aef4a101f82e5d9c20fbaf86aae7b747a","16317509","1672643459","2023-01-02 07:10:59","0xdafea492d9c6733ae3d56b7ed1adb60692c98bc5","0xa4c94a6091545e40fc9c3e0982aec8942e282f38","","0.016554571111756159","0","25.8782711076083","0.000277354391244","0.433563157936533","1213.98","","","Transfer",""
"0xe31b2818671db70f75ae23212089f7e9f61d9afb40699dfe25649d17c1a7343f","16317879","1672647899","2023-01-02 08:24:59","0x95222290dd7278aa3ddd389cc1e1d165cc4bafe5","0xa4c94a6091545e40fc9c3e0982aec8942e282f38","","0.032342947779116288","0","50.5588193977924","0.000266217164892","0.416153334330823","1213.98","","","Transfer",""
"0xd99484d2a3a7cc52182a985c73ee6987e52b7a262a987e47661a71c402d15355","16319472","1672667135","2023-01-02 13:45:35","0xdafea492d9c6733ae3d56b7ed1adb60692c98bc5","0xa4c94a6091545e40fc9c3e0982aec8942e282f38","","0.016573566485007832","0","25.9079648650291","0.000301190743749","0.470824382535874","1213.98","","","Transfer",""
"0x7c54b85c94494e7d1b1398e52373b1140a3d8743851ea145b69f4e7aa5112ed1","16319533","1672667867","2023-01-02 13:57:47","0xdafea492d9c6733ae3d56b7ed1adb60692c98bc5","0xa4c94a6091545e40fc9c3e0982aec8942e282f38","","0.027513619678025982","0","43.009565416887","0.000281544422229","0.440113056272595","1213.98","","","Transfer",""
"0x579dac726c0d264fc405430c577c0326bc01a45dd918a046a88c9354d703860e","16320334","1672677503","2023-01-02 16:38:23","0x199d5ed7f45f4ee35960cf22eade2076e95b253f","0xa4c94a6091545e40fc9c3e0982aec8942e282f38","","0.017306647148512274","0","27.0539238890259","0.000298101907761","0.465995883231073","1213.98","","","Transfer",""
"0x5f547163f700f9c0826b08ebdb03155bc3c52f9275bdded95717b2866d2425f1","16321614","1672692959","2023-01-02 20:55:59","0xdafea492d9c6733ae3d56b7ed1adb60692c98bc5","0xa4c94a6091545e40fc9c3e0982aec8942e282f38","","0.029221082762979495","0","45.6786887859172","0.000365297749068","0.571037094320588","1213.98","","","Transfer",""
"0xecfbe0a1ab5b397c8ad080ce3f76bb79fcb48d33b65871acff4816a7421027de","16327597","1672765043","2023-01-03 16:57:23","0xd1a0b5843f384f92a6759015c742fc12d1d579a1","0xa4c94a6091545e40fc9c3e0982aec8942e282f38","","0.066920475608499703","0","104.610756675963","0.000428990272158","0.670601883340107","1214.11","","","Transfer",""
"0xca20fd45113518afd3dd96c3726762539ac0f89d6887dc2be255d99f489634d6","16328257","1672773011","2023-01-03 19:10:11","0x690b9a9e9aa1c9db991c7721a92d351db4fac990","0xa4c94a6091545e40fc9c3e0982aec8942e282f38","","0.058020565191891831","0","90.6983277136172","0.000326599287189","0.510543271726717","1214.11","","","Transfer",""
"0x80ab690935e730c187bb9f521125825bfb93e3a0711b37913c7344622cd4bf89","16328671","1672778015","2023-01-03 20:33:35","0x690b9a9e9aa1c9db991c7721a92d351db4fac990","0xa4c94a6091545e40fc9c3e0982aec8942e282f38","","0.030927819311958673","0","48.3466764266469","0.000417216556554","0.652197093370778","1214.11","","","Transfer",""
"0x990f63cffd956cded1e09207a4df29261adefd561b68f8b87a870fdbaf36d285","16332150","1672819931","2023-01-04 08:12:11","0xdafea492d9c6733ae3d56b7ed1adb60692c98bc5","0xa4c94a6091545e40fc9c3e0982aec8942e282f38","","0.025851457613472786","0","40.4112570559568","0.000269277570198","0.420937390509216","1256.42","","","Transfer",""
"0x7e17c8c7ae12a1c9fa0253b1436f31ca098bb35c1f3f64ef0bef56029d333506","16334692","1672850591","2023-01-04 16:43:11","0x690b9a9e9aa1c9db991c7721a92d351db4fac990","0xa4c94a6091545e40fc9c3e0982aec8942e282f38","","0.108521262571551006","0","169.641522864474","0.000562312565451","0.879012625438658","1256.42","","","Transfer",""
"0xdcc182cd7405980cb76c9e24e509b794e62e82b9719fb88c025cf205dedf7ed2","16335238","1672857167","2023-01-04 18:32:47","0xdafea492d9c6733ae3d56b7ed1adb60692c98bc5","0xa4c94a6091545e40fc9c3e0982aec8942e282f38","","0.047093899962937963","0","73.6176553610643","0.000393404799459","0.614974316562303","1256.42","","","Transfer",""
"0x14edbf8fca9b7a6e98592f0dc50d18f7c5fabb2374087ecf6a3196d26d6abfe4","16338398","1672895279","2023-01-05 05:07:59","0xdafea492d9c6733ae3d56b7ed1adb60692c98bc5","0xa4c94a6091545e40fc9c3e0982aec8942e282f38","","0.053071777101836131","0","82.9623326833613","0.000290681510595","0.45439624417721","1250.73","","","Transfer",""
"0x7f1d49a0f00cc382d65e553ad816e8900782fbd43a1ca01449465bbf2495cac0","16342221","1672941395","2023-01-05 17:56:35","0xdafea492d9c6733ae3d56b7ed1adb60692c98bc5","0xa4c94a6091545e40fc9c3e0982aec8942e282f38","","0.026053359402357281","0","40.7268719513589","0.00066003778113","1.03177765984023","1250.73","","","Transfer",""
"0xef70c9b4ba058b3e1dc7ef5094e85f45fa78adef04691bfe6667489edbff5a4d","16347415","1673004155","2023-01-06 11:22:35","0x95222290dd7278aa3ddd389cc1e1d165cc4bafe5","0xa4c94a6091545e40fc9c3e0982aec8942e282f38","","0.140979163633551168","0","220.380038383604","0.00030975300552","0.484208995758919","1268.71","","","Transfer",""
"0xb4be66dda68e4dd0e36733c2ad0d722cd4c0ddc34e5151a7262df64ffdcda578","16347642","1673006879","2023-01-06 12:07:59","0xdafea492d9c6733ae3d56b7ed1adb60692c98bc5","0xa4c94a6091545e40fc9c3e0982aec8942e282f38","","0.027005041981112609","0","42.214551675295","0.000281666352639","0.440303659108811","1268.71","","","Transfer",""
"0xb292b845b4b3624608c8e00c8492b508cc7829c9c9e4ace107ecf817f2cf6b51","16350258","1673038451","2023-01-06 20:54:11","0xdafea492d9c6733ae3d56b7ed1adb60692c98bc5","0xa4c94a6091545e40fc9c3e0982aec8942e282f38","","0.027314723879425954","0","42.6986495155574","0.000616038996489","0.96299831970157","1268.71","","","Transfer",""
"0x13e91910dfc9747d75401d71a0fa42f538ab734a33736731d2d1b11485d21a85","16350567","1673042171","2023-01-06 21:56:11","0xdafea492d9c6733ae3d56b7ed1adb60692c98bc5","0xa4c94a6091545e40fc9c3e0982aec8942e282f38","","0.068780757132816842","0","107.518767357591","0.000356227608534","0.556858559936434","1268.71","","","Transfer",""
"0xe7d3377673d4e5e8f0b64155d99dea5576e6021279ee1ac8420f0df28519d371","16350952","1673046803","2023-01-06 23:13:23","0x95222290dd7278aa3ddd389cc1e1d165cc4bafe5","0xa4c94a6091545e40fc9c3e0982aec8942e282f38","","0.156513371653827357","0","244.663267702979","0.000405020379603","0.633131907599206","1268.71","","","Transfer",""
"0x146c9f19e1d60c32105ecefab3b616374d7c2ad2362c86ebac93f346082ba477","16356968","1673119355","2023-01-07 19:22:35","0x690b9a9e9aa1c9db991c7721a92d351db4fac990","0xa4c94a6091545e40fc9c3e0982aec8942e282f38","","0.057146168199375885","0","89.3314615909464","0.000366226865151","0.572489497872695","1263.86","","","Transfer",""
"0x1f6e703dbbb2ab76c57b8dcdede2f0c5b4f5a8d2d9d2f9a8d8bd2ba4ad064d84","16356971","1673119391","2023-01-07 19:23:11","0x473780deaf4a2ac070bbba936b0cdefe7f267dfc","0xa4c94a6091545e40fc9c3e0982aec8942e282f38","","0.035300130652235477","0","55.181517236881","0.00035606849439","0.556609831115392","1263.86","","","Transfer",""
"0xed9dcdf3153e1f852088fffdb7d13a815520ffc5d3080e8b423e472a583c75a4","16357111","1673121071","2023-01-07 19:51:11","0x95222290dd7278aa3ddd389cc1e1d165cc4bafe5","0xa4c94a6091545e40fc9c3e0982aec8942e282f38","","0.050668582104674879","0","79.2056342318488","0.000319915032717","0.500094378293542","1263.86","","","Transfer",""
"0x993becfaa8d713876c07b40891c3180ee1f560e799ec6288bcc27d4d730c1458","16359894","1673154647","2023-01-08 05:10:47","0xfeebabe6b0418ec13b30aadf129f5dcdd4f70cea","0xa4c94a6091545e40fc9c3e0982aec8942e282f38","","0.017175579857767101","0","26.8490381894601","0.000256826159499","0.401473220790432","1288.62","","","Transfer",""
"0xe8a6245300a37a9a97c5e22bd209a61e63821a16f4b0496737b6df5e46b405a2","16360300","1673159531","2023-01-08 06:32:11","0xfeebabe6b0418ec13b30aadf129f5dcdd4f70cea","0xa4c94a6091545e40fc9c3e0982aec8942e282f38","","0.125554755384845362","0","196.268449165144","0.000341299733502","0.533523156407661","1288.62","","","Transfer",""
"0x9265103b5fc09a9ba046b457681e5c965316a0bd490c218b614ef13a4748449f","16362067","1673180855","2023-01-08 12:27:35","0x225bf4d904c712fa54d422c628a1bfbceb66320a","0xa4c94a6091545e40fc9c3e0982aec8942e282f38","","0.019752621456609219","0","30.8774953871861","0.00027656649279","0.432331507194256","1288.62","","","Transfer",""
"0x7f58663b1b8c0d37a09c894df7ddeb0be5af7b68dc57c4533105f25359ea2b07","16365222","1673218907","2023-01-08 23:01:47","0xdafea492d9c6733ae3d56b7ed1adb60692c98bc5","0xa4c94a6091545e40fc9c3e0982aec8942e282f38","","0.036516480113748956","0","57.0829268786135","0.000873785798088","1.36591069742914","1288.62","","","Transfer",""
"0xe5d95ce952ea3ce83d86358e8c8b1cb6acf375a9e406e16082b8d789c448e407","16369304","1673268011","2023-01-09 12:40:11","0x690b9a9e9aa1c9db991c7721a92d351db4fac990","0xa4c94a6091545e40fc9c3e0982aec8942e282f38","","3.964083612213598617","0","6196.69514344842","0.000284659927314","0.444983244976518","1320.11","","","Transfer",""
"0x4ece63e05bbfb881993040cb6b2ddabf2925629ed71da487942a9911f28a0aab","16370048","1673276999","2023-01-09 15:09:59","0xdafea492d9c6733ae3d56b7ed1adb60692c98bc5","0xa4c94a6091545e40fc9c3e0982aec8942e282f38","","0.068423309935822418","0","106.960002324777","0.000430691136981","0.673260692240069","1320.11","","","Transfer",""
"0x3c85daa53e498d07fe711f54f5a964f1a29aac70db5e8cc530f22509597f9437","16371125","1673289959","2023-01-09 18:45:59","0xdafea492d9c6733ae3d56b7ed1adb60692c98bc5","0xa4c94a6091545e40fc9c3e0982aec8942e282f38","","0.050439120769873423","0","78.8469379786738","0.00056971095531","0.890577862450145","1320.11","","","Transfer",""
"0xecfbb5e3a39567ce85a008f3d8fd07fd441ea39cd553bf46f3db63a2beb966aa","16371336","1673292515","2023-01-09 19:28:35","0xa4c94a6091545e40fc9c3e0982aec8942e282f38","0x8f846c443cfa44a6e95aacd2ac362b6cf4fd4335","","0","0","0","0.005331104268579846","8.3336355036867","1320.11","","","Restake",""
"0x7d9cc250d5e2aa51761ff7f4a08b9991f3e90cb972dbbffd048ee4f6ba94ad78","16372314","1673304407","2023-01-09 22:46:47","0xd2090025857b9c7b24387741f120538e928a3a59","0xa4c94a6091545e40fc9c3e0982aec8942e282f38","","0.031742332793037708","0","49.6199320454045","0.000589107813924","0.920899225804136","1320.11","","","Transfer",""
"0x109e9699f62aa9292db0b2fd1b432bd41aaa0dc1c3f5ba2b9831082930ca0dbc","16372569","1673307491","2023-01-09 23:38:11","0x95222290dd7278aa3ddd389cc1e1d165cc4bafe5","0xa4c94a6091545e40fc9c3e0982aec8942e282f38","","0.027483567858175689","0","42.9625881115788","0.000575585512467","0.899761028943539","1320.11","","","Transfer",""
"0x7bccd88bf0aa55c2b040027f8d842bf0ca9d8632e2832aa71653bed18b9f816d","16378933","1673384123","2023-01-10 20:55:23","0xdafea492d9c6733ae3d56b7ed1adb60692c98bc5","0xa4c94a6091545e40fc9c3e0982aec8942e282f38","","0.092639178718611757","0","144.814490564721","0.00109106770458","1.7055679464765","1335.42","","","Transfer",""
"0x54c197441b5570031f1527ecba64c11024ca49b87ed1074ff85146a2b0f58a9e","16379888","1673395727","2023-01-11 00:08:47","0x95222290dd7278aa3ddd389cc1e1d165cc4bafe5","0xa4c94a6091545e40fc9c3e0982aec8942e282f38","","0.039668423699601915","0","62.0100766114547","0.000446599893663","0.698129419772938","1388.95","","","Transfer",""
"0x562fc1263ee7eaa9a4211c66086a1bc288a47652b11420dfde0817988ec3e0e2","16383374","1673437715","2023-01-11 11:48:35","0xdafea492d9c6733ae3d56b7ed1adb60692c98bc5","0xa4c94a6091545e40fc9c3e0982aec8942e282f38","","0.069121638377738409","0","108.051636328464","0.000268397738175","0.419562028292542","1388.95","","","Transfer",""
"0x985a5433f18837763f6f67c1b872f5f5707514368ff402268e6a0f565ca09c64","16384372","1673449763","2023-01-11 15:09:23","0x95222290dd7278aa3ddd389cc1e1d165cc4bafe5","0xa4c94a6091545e40fc9c3e0982aec8942e282f38","","0.159864386946296573","0","249.90160831832","0.000533073252033","0.833305438310506","1388.95","","","Transfer",""
"0x5c84ed5b2dc42566fa9dc1a3e886bc548bc179fcfdd3151782d5e3b473744a01","16392575","1673548883","2023-01-12 18:41:23","0x95222290dd7278aa3ddd389cc1e1d165cc4bafe5","0xa4c94a6091545e40fc9c3e0982aec8942e282f38","","0.039513559230894621","0","61.7679909253268","0.000452524563666","0.707390923168328","1416.05","","","Transfer",""
"0x16b5c3f3fef4bf9e8a9e0643f0f6f42e069c78578aac08dd20ea11a54cdaa365","16398518","1673620739","2023-01-13 14:38:59","0x95222290dd7278aa3ddd389cc1e1d165cc4bafe5","0xa4c94a6091545e40fc9c3e0982aec8942e282f38","","0.069179310731296963","0","108.141790328271","0.000678467967723","1.06058791182427","1451.18","","","Transfer",""
"0x7a49974b228d41dc9aceed8f96a2947c7d0de8287de9916723ffd39a451df0c1","16399336","1673630567","2023-01-13 17:22:47","0x473780deaf4a2ac070bbba936b0cdefe7f267dfc","0xa4c94a6091545e40fc9c3e0982aec8942e282f38","","0.12920552061374874","0","201.975361878618","0.000805406458773","1.25901943041854","1451.18","","","Transfer",""
"0xaeb141433c6c400f8b8251b5822a2fb078858e8498010031d4981e049aff884b","16405507","1673704883","2023-01-14 14:01:23","0x199d5ed7f45f4ee35960cf22eade2076e95b253f","0xa4c94a6091545e40fc9c3e0982aec8942e282f38","","0.062747115436854315","0","98.086918322045","0.000795298737723","1.24321893979597","1550.07","","","Transfer",""
"0xdf8a9f899705823a1cb522eb40c191342671405c5cc278d805e6f66bfbefa6dd","16406361","1673715179","2023-01-14 16:52:59","0xdafea492d9c6733ae3d56b7ed1adb60692c98bc5","0xa4c94a6091545e40fc9c3e0982aec8942e282f38","","0.069713905335575454","0","108.977473959625","0.000343197960504","0.536490483839458","1550.07","","","Transfer",""
"0x6110005ce252d146158fcd593f42dbb325143f5ec6c55e3f4527c36e8da59588","16412295","1673786807","2023-01-15 12:46:47","0x95222290dd7278aa3ddd389cc1e1d165cc4bafe5","0xa4c94a6091545e40fc9c3e0982aec8942e282f38","","0.037186829100158394","0","58.1308231176586","0.000288337827183","0.450732574830737","1552.71","","","Transfer",""
"0x3615f31a963c0bd1ac552aecf2ac68eb21cf6208ce3a4e61ef075bc21619838e","16415343","1673823671","2023-01-15 23:01:11","0x690b9a9e9aa1c9db991c7721a92d351db4fac990","0xa4c94a6091545e40fc9c3e0982aec8942e282f38","","0.039334458855724239","0","61.4880194278567","0.000400836373644","0.626591427644037","1552.71","","","Transfer",""
"0x2d64c14591ee38342276f7ace4292983f1a5f394592825965d9d72c32a2b0066","16415399","1673824367","2023-01-15 23:12:47","0x95222290dd7278aa3ddd389cc1e1d165cc4bafe5","0xa4c94a6091545e40fc9c3e0982aec8942e282f38","","0.324674756756426638","0","507.534826509214","0.000387634966551","0.605954856062189","1552.71","","","Transfer",""
"0xb7519acd5d7f4b8f15e5dbbfd626faa5e8a9468d3a906c3a608a11fe8e111e75","16428330","1673980295","2023-01-17 18:31:35","0xdafea492d9c6733ae3d56b7ed1adb60692c98bc5","0xa4c94a6091545e40fc9c3e0982aec8942e282f38","","0.136230915529515153","0","212.957529464893","0.000519452223843","0.812012910833616","1565.15","","","Transfer",""
"0x1cab6ba3be88c6af32d4bd0520e77b968912a89f88ff5b8c0b678def2eee2d6c","16436485","1674078599","2023-01-18 21:49:59","0x95222290dd7278aa3ddd389cc1e1d165cc4bafe5","0xa4c94a6091545e40fc9c3e0982aec8942e282f38","","0.041978439821988856","0","65.6211169141312","0.000386718747177","0.604522612774558","1512.28","","","Transfer",""
"0x77a5b1c1e332f3b070560eb9eba9dff64649de461cbe9c76e1707fbac0aa49eb","16437180","1674087011","2023-01-19 00:10:11","0x95222290dd7278aa3ddd389cc1e1d165cc4bafe5","0xa4c94a6091545e40fc9c3e0982aec8942e282f38","","0.253565731532741776","0","396.376487189297","0.000468253812684","0.731979042525756","1551.20","","","Transfer",""
"0x6718748f60563c515626dcbce6ac648722a0723bf6c93ed4478373e96b01f16a","16438703","1674105359","2023-01-19 05:15:59","0xdafea492d9c6733ae3d56b7ed1adb60692c98bc5","0xa4c94a6091545e40fc9c3e0982aec8942e282f38","","0.041699499309461488","0","65.1850743155433","0.000344998613127","0.539305282026258","1551.20","","","Transfer",""
"0xc4e70d42f86cc8df614ca0e5c6f978824b885263486577408d578eef7c65c0c2","16439084","1674109943","2023-01-19 06:32:23","0xbd3afb0bb76683ecb4225f9dbc91f998713c3b01","0xa4c94a6091545e40fc9c3e0982aec8942e282f38","","0.023455176446159171","0","36.6653663724005","0.000378575084412","0.591792357703683","1551.20","","","Transfer",""
"0xce0cefffeaef695dcf4f224104cdd2308da19689291aa65fbbd927a446b29838","16440123","1674122531","2023-01-19 10:02:11","0xbd3afb0bb76683ecb4225f9dbc91f998713c3b01","0xa4c94a6091545e40fc9c3e0982aec8942e282f38","","0.097806345128900561","0","152.891856768949","0.000347511399039","0.543233294091755","1551.20","","","Transfer",""
"0xa03f031c63ebe23856b2026f32c45f0bbec60f448fe36917fe770ba043144c39","16441407","1674138011","2023-01-19 14:20:11","0xfeebabe6b0418ec13b30aadf129f5dcdd4f70cea","0xa4c94a6091545e40fc9c3e0982aec8942e282f38","","0.04585110746139588","0","71.6749096947287","0.00031476181569","0.492038817904765","1551.20","","","Transfer",""
"0xe42d92928e006fc3aeecc65b5611c9a3c866f643c70705f5752a27bda3ce2910","16441932","1674144347","2023-01-19 16:05:47","0xdafea492d9c6733ae3d56b7ed1adb60692c98bc5","0xa4c94a6091545e40fc9c3e0982aec8942e282f38","","0.021667702113547903","0","33.8711686209192","0.000664351189887","1.03852042354326","1551.20","","","Transfer",""
"0x6add7af48a5ada1dc286b8c6c43630ab42ef58b5f5ffaece4dcb64a64f1e7f0c","16443742","1674166223","2023-01-19 22:10:23","0xdafea492d9c6733ae3d56b7ed1adb60692c98bc5","0xa4c94a6091545e40fc9c3e0982aec8942e282f38","","0.235360539016535085","0","367.917948196038","0.000400740959241","0.626442274895124","1551.20","","","Transfer",""
"0xa8628a46266151335295c57e4e05e561c443d8abe63e2cbfa130c099fb5113cc","16444348","1674173519","2023-01-20 00:11:59","0x690b9a9e9aa1c9db991c7721a92d351db4fac990","0xa4c94a6091545e40fc9c3e0982aec8942e282f38","","0.026374152098210523","0","41.2283383014437","0.000303251097261","0.474045147749368","1659.02","","","Transfer",""
"0x86c0fd9d91f6a12617eebf0d5f75656dfc5def97bcd71be675d9316cffe9cfe3","16449428","1674234695","2023-01-20 17:11:35","0x690b9a9e9aa1c9db991c7721a92d351db4fac990","0xa4c94a6091545e40fc9c3e0982aec8942e282f38","","0.088257976922805943","0","137.965752105499","0.001122840553548","1.75523558171177","1659.02","","","Transfer",""
"0x74c461cfcdacfc2431ddf1dc998c02fea222ace1a0dae8f21d21aa75c7eebfe3","16453645","1674285659","2023-01-21 07:20:59","0xd2090025857b9c7b24387741f120538e928a3a59","0xa4c94a6091545e40fc9c3e0982aec8942e282f38","","0.013886994421743725","0","21.708288550014","0.000330138062793","0.516075121138646","1626.68","","","Transfer",""
"0x12ed7480055fa04783a3db5a4cc451ab5d32ecc90a76d2383e851f0ab4df59bd","16453895","1674288683","2023-01-21 08:11:23","0xfeebabe6b0418ec13b30aadf129f5dcdd4f70cea","0xa4c94a6091545e40fc9c3e0982aec8942e282f38","","0.02441849435081108","0","38.1712345541314","0.000323213816814","0.505251070581813","1626.68","","","Transfer",""
"0xc376e9e411f3bb31c293714d18370f29d84958ff60c645e159909ab55effcc67","16455270","1674305255","2023-01-21 12:47:35","0xdafea492d9c6733ae3d56b7ed1adb60692c98bc5","0xa4c94a6091545e40fc9c3e0982aec8942e282f38","","0.035796004739184883","0","55.9566725683412","0.000288275199471","0.450634674565062","1626.68","","","Transfer",""
"0xc02c105f905d6fe80b792a33a6b3a61359debe69b6190e9c88b56f96f08552d6","16455564","1674308783","2023-01-21 13:46:23","0xdafea492d9c6733ae3d56b7ed1adb60692c98bc5","0xa4c94a6091545e40fc9c3e0982aec8942e282f38","","0.030035614944588128","0","46.9519736375296","0.000328146593523","0.512962036461089","1626.68","","","Transfer",""
"0xc78b39abd1e0f626cfc22ef16c2b9e45f7dad0f8be83db19670a20e99c955ca1","16456155","1674315887","2023-01-21 15:44:47","0xae08c571e771f360c35f5715e36407ecc89d91ed","0xa4c94a6091545e40fc9c3e0982aec8942e282f38","","0.081081368188708127","0","126.74720556627","0.000383993675205","0.600262753017208","1626.68","","","Transfer",""
"0xa1cfebc904ab8e344bf5970bd32ce464b9d13e85bb8625d3a29055ba8fea04d2","16458202","1674340559","2023-01-21 22:35:59","0x199d5ed7f45f4ee35960cf22eade2076e95b253f","0xa4c94a6091545e40fc9c3e0982aec8942e282f38","","0.054406553298573099","0","85.0488681818625","0.000296641769823","0.463713381005012","1626.68","","","Transfer",""
"0xefd9914b8da3423b4db82f4b046f11367333cfc1369332bf93dc42241ab78ae6","16460742","1674371159","2023-01-22 07:05:59","0xe6df3284c7480932c45013220cbc8b37c5d46065","0xa4c94a6091545e40fc9c3e0982aec8942e282f38","","0.023197157653668693","0","36.2620288157914","0.000299168994978","0.467663964639559","1627.79","","","Transfer",""
"0x4984d0a42d1dce8c28dd8d74f4a8ebc4bc6d98f857746396ec4c560d6442fd58","16463446","1674403787","2023-01-22 16:09:47","0xdafea492d9c6733ae3d56b7ed1adb60692c98bc5","0xa4c94a6091545e40fc9c3e0982aec8942e282f38","","0.014510596194634836","0","22.6831090774151","0.000344559498444","0.538618853562645","1627.79","","","Transfer",""
"0xa1c716e0ece841969e9b052021c63e0f9694330e213ebbd14415c089546ad38c","16464342","1674414599","2023-01-22 19:09:59","0x690b9a9e9aa1c9db991c7721a92d351db4fac990","0xa4c94a6091545e40fc9c3e0982aec8942e282f38","","0.04548765996603903","0","71.1067649355119","0.000325158348396","0.508290781796111","1627.79","","","Transfer",""
"0xf894867f06918b9298b31d785d017cf3e46cb872100f490d79f3235bced5f4da","16464719","1674419159","2023-01-22 20:25:59","0x1f9090aae28b8a3dceadf281b0f12828e676c326","0xa4c94a6091545e40fc9c3e0982aec8942e282f38","","0.0233508387468882","0","36.5022646375231","0.000358446646131","0.560327381698441","1627.79","","","Transfer",""
"0x5de06d8f203f47020b93e47dc81ea01411db5414d3216a1a5c02cbecfd78342f","16468143","1674460511","2023-01-23 07:55:11","0x690b9a9e9aa1c9db991c7721a92d351db4fac990","0xa4c94a6091545e40fc9c3e0982aec8942e282f38","","0.031934224620956962","0","49.9198992697261","0.000261124626021","0.408192626642287","1626.47","","","Transfer",""
"0x6221df1bc703d78b78ef5bb7bf871abb71a45b485b7a14521cf5f23672181af1","16475480","1674548951","2023-01-24 08:29:11","0x690b9a9e9aa1c9db991c7721a92d351db4fac990","0xa4c94a6091545e40fc9c3e0982aec8942e282f38","","0.066086157659405132","0","103.306542514759","0.000271321936053","0.42413316365741","1556.12","","","Transfer",""
"0xb26a50895d90f9be9e8fc3cf323645625f2fffd6e76bc6d6ed2a05dbbe167d9b","16476266","1674558419","2023-01-24 11:06:59","0x690b9a9e9aa1c9db991c7721a92d351db4fac990","0xa4c94a6091545e40fc9c3e0982aec8942e282f38","","0.028188100117312967","0","44.0639199843848","0.000281574794949","0.440160535212226","1556.12","","","Transfer",""
"0x48aed26ea133f081b7a27da557017dd20457ddb67ea0a88afd3d4824279cc8e1","16482910","1674638543","2023-01-25 09:22:23","0xdafea492d9c6733ae3d56b7ed1adb60692c98bc5","0xa4c94a6091545e40fc9c3e0982aec8942e282f38","","0.067405216580860861","0","105.368508611368","0.000271212599112","0.42396224705787","1610.94","","","Transfer",""
"0xe9fc38812985baa95d6951a57a487bc64236ef9976ec403796ba69993ed2b440","16485004","1674663827","2023-01-25 16:23:47","0x473780deaf4a2ac070bbba936b0cdefe7f267dfc","0xa4c94a6091545e40fc9c3e0982aec8942e282f38","","0.07050210212373711","0","110.209591060847","0.000595030535064","0.930157682717396","1610.94","","","Transfer",""
"0x3c443df09982c2f61c555ee08077d80948fd74115bb6fcb2f51c8f5083f02eeb","16489942","1674723491","2023-01-26 08:58:11","0xeeee8db5fc7d505e99970945a9220ab7992050e3","0xa4c94a6091545e40fc9c3e0982aec8942e282f38","","0.054421020747558846","0","85.0714838427915","0.000279738212859","0.437289571723317","1601.35","","","Transfer",""
"0x0516a43c8ad29804bd0faad52c2824f01aab4d3c879479c1350d183a7d0a255a","16494586","1674779411","2023-01-27 00:30:11","0xdafea492d9c6733ae3d56b7ed1adb60692c98bc5","0xa4c94a6091545e40fc9c3e0982aec8942e282f38","","0.058641363891489171","0","91.6687664488148","0.000527786411313","0.825040996028595","1597.86","","","Transfer",""
"0xb5ab704245bf629c94fc9878207e884264f80452c86be90ec2f87b5667200501","16497409","1674813551","2023-01-27 09:59:11","0xdafea492d9c6733ae3d56b7ed1adb60692c98bc5","0xa4c94a6091545e40fc9c3e0982aec8942e282f38","","0.028101520142119873","0","43.9285773013632","0.000274394656179","0.428936470485575","1597.86","","","Transfer",""
"0xeb49fdaca9c0d71441b87a145d8c331f2b8c72fc8b5167e057189aa01a9c557a","16497910","1674819587","2023-01-27 11:39:47","0x95222290dd7278aa3ddd389cc1e1d165cc4bafe5","0xa4c94a6091545e40fc9c3e0982aec8942e282f38","","0.041502814292576729","0","64.8776143302989","0.000290513911128","0.454134251014401","1597.86","","","Transfer",""
"0x05a6744ed96245257f7a2900c6f77d12fd7d8c5d77b1cc2b944c08b7ae4f00a1","16498180","1674822863","2023-01-27 12:34:23","0x95222290dd7278aa3ddd389cc1e1d165cc4bafe5","0xa4c94a6091545e40fc9c3e0982aec8942e282f38","","0.063474757562917702","0","99.2243757699286","0.000266264849004","0.416227874611543","1597.86","","","Transfer",""
"0x96987c52129df34f62d007d9765aa39db6a5a090cdf74b98346b0e4305c45fdf","16498907","1674831623","2023-01-27 15:00:23","0xdafea492d9c6733ae3d56b7ed1adb60692c98bc5","0xa4c94a6091545e40fc9c3e0982aec8942e282f38","","0.325193309315037336","0","508.345433054359","0.000400532630736","0.626116613692823","1597.86","","","Transfer",""
"0xb13e96e5039b9f5d41bc8ccf71d93191488ee0fbe0e97c3c8f3791d4053ceba2","16500446","1674850223","2023-01-27 20:10:23","0x690b9a9e9aa1c9db991c7721a92d351db4fac990","0xa4c94a6091545e40fc9c3e0982aec8942e282f38","","0.521842239717806076","0","815.749007549272","0.000492431044917","0.769773133724704","1597.86","","","Transfer",""
"0xf58a3841f8fed29536515a9a78821a746ac28a70667347ba4d90f0a0cf455a9a","16501340","1674860999","2023-01-27 23:09:59","0xdafea492d9c6733ae3d56b7ed1adb60692c98bc5","0xa4c94a6091545e40fc9c3e0982aec8942e282f38","","0.051543431423801289","0","80.5732074360004","0.000319909787358","0.500086178695899","1597.86","","","Transfer",""
"0x2dd7141b248e618dad05d73a1431ad1c7098e2d7e426f362e8807c902e96a5b1","16502513","1674875147","2023-01-28 03:05:47","0x5f927395213ee6b95de97bddcb1b2b1c0f16844f","0xa4c94a6091545e40fc9c3e0982aec8942e282f38","","0.041270213828970249","0","64.5140109595846","0.000295982987349","0.46268356565383","1572.46","","","Transfer",""
"0xf6d2256372d3e0eaa5dcf11e3db191bd586878b8ea60c78fc6b650bb0dcd6e9e","16503187","1674883307","2023-01-28 05:21:47","0x690b9a9e9aa1c9db991c7721a92d351db4fac990","0xa4c94a6091545e40fc9c3e0982aec8942e282f38","","0.024650406858536701","0","38.5337625053332","0.00029826762399","0.466254932497408","1572.46","","","Transfer",""
"0xeb1cdd5462f745b1e4860d3069d5fa102e9b088d511a2d50bc95e4765bfc7403","16506252","1674920195","2023-01-28 15:36:35","0x690b9a9e9aa1c9db991c7721a92d351db4fac990","0xa4c94a6091545e40fc9c3e0982aec8942e282f38","","0.023269330776865271","0","36.3748505637036","0.000277421728626","0.433668420405449","1572.46","","","Transfer",""
"0x7ca4688730e669302c6012206e8b14d61ad0609c1b0f2ee52b8a64fd0f5dd52f","16507912","1674940211","2023-01-28 21:10:11","0x690b9a9e9aa1c9db991c7721a92d351db4fac990","0xa4c94a6091545e40fc9c3e0982aec8942e282f38","","0.022872842757661677","0","35.7550565272043","0.000303726910788","0.47478894421291","1572.46","","","Transfer",""
"0xf03c4b239f7c199ff1da1d8a0c143ca7572f1e735f1f863ee0d5d4f3d5447234","16508840","1674951395","2023-01-29 00:16:35","0x473780deaf4a2ac070bbba936b0cdefe7f267dfc","0xa4c94a6091545e40fc9c3e0982aec8942e282f38","","0.03132857879777959","0","48.973147662477","0.000293072621268","0.45813405229235","1645.46","","","Transfer",""
"0xc877b079d4c16d9bf54f1c4616210d61e972c1b0779c184490e0608978bf5fa8","16515135","1675027379","2023-01-29 21:22:59","0x690b9a9e9aa1c9db991c7721a92d351db4fac990","0xa4c94a6091545e40fc9c3e0982aec8942e282f38","","0.041544520423352615","0","64.942809770989","0.000399600101628","0.624658874865906","1645.46","","","Transfer",""
"0x84e219bb40e69e0c7799089a837389812d6e16678177873dcf5e17edf2ef0978","16516474","1675043531","2023-01-30 01:52:11","0xdafea492d9c6733ae3d56b7ed1adb60692c98bc5","0xa4c94a6091545e40fc9c3e0982aec8942e282f38","","0.150332721031940722","0","235.00161284434","0.000312182059959","0.488006117948508","1566.49","","","Transfer",""
"0x112d665da22e0ddff693b6d7ba8650add714caca5031195a12670b1dc6ebce0b","16517035","1675050287","2023-01-30 03:44:47","0xdafea492d9c6733ae3d56b7ed1adb60692c98bc5","0xa4c94a6091545e40fc9c3e0982aec8942e282f38","","0.047981657009261902","0","75.0054060534483","0.000254128455798","0.397256143387992","1566.49","","","Transfer",""
"0x021a9e0864a104af29cee9006d7abb70f77ec81ec04dd93f3441fa386f559c34","16521580","1675105091","2023-01-30 18:58:11","0xdafea492d9c6733ae3d56b7ed1adb60692c98bc5","0xa4c94a6091545e40fc9c3e0982aec8942e282f38","","0.047159240912104703","0","73.7197969862112","0.000325353210315","0.508595391896511","1566.49","","","Transfer",""
"0x76e32b0c6b353e444b2875a1a08c696ba4e5a34a7dde561ee107e74364b3c557","16527188","1675172723","2023-01-31 13:45:23","0xdafea492d9c6733ae3d56b7ed1adb60692c98bc5","0xa4c94a6091545e40fc9c3e0982aec8942e282f38","","0.060459892974000569","0","94.5115092958874","0.000378241137456","0.591270328482594","1585.47","","","Transfer",""
"0x776cd5a63141cbe5bdae715faaa665a91a15f86eff66b0ee7c5d06c3a156c8cd","16527671","1675178531","2023-01-31 15:22:11","0xae08c571e771f360c35f5715e36407ecc89d91ed","0xa4c94a6091545e40fc9c3e0982aec8942e282f38","","0.155225856698489306","0","242.650611449645","0.000538782890751","0.842230802650871","1585.47","","","Transfer",""
"0x9da85b164e2528ae1db7fe889a07950f8f4f9aa20c34e7655d7a110218b4a095","16527982","1675182263","2023-01-31 16:24:23","0xdafea492d9c6733ae3d56b7ed1adb60692c98bc5","0xa4c94a6091545e40fc9c3e0982aec8942e282f38","","0.082747365061457737","0","129.351508537721","0.000650077701756","1.016207964162","1585.47","","","Transfer",""
"0x2f46127b635996552915ec120665b3b8abb9cf1a71be542f07c9c1ee72d35efe","16528960","1675194047","2023-01-31 19:40:47","0xa4c94a6091545e40fc9c3e0982aec8942e282f38","0x8f846c443cfa44a6e95aacd2ac362b6cf4fd4335","","0","0","0","0.007281302592751312","11.3822050260148","1585.47","","","Restake",""
"0x4a12e72ad911ea88a13c284c628677c4157ebe4311b177e962723f54c8b83549","16529525","1675200851","2023-01-31 21:34:11","0x95222290dd7278aa3ddd389cc1e1d165cc4bafe5","0xa4c94a6091545e40fc9c3e0982aec8942e282f38","","0.030194831973438052","0","47.2008632891981","0.000776731348218","1.21419421084786","1585.47","","","Transfer",""
"0xd7d9c500749e6e0d7c22d7dcec826a728c6d81595644be87670de0a70590f14e","16529881","1675205195","2023-01-31 22:46:35","0xdafea492d9c6733ae3d56b7ed1adb60692c98bc5","0xa4c94a6091545e40fc9c3e0982aec8942e282f38","","0.022084939743747303","0","34.5233986568232","0.000660208463733","1.03204447259206","1585.47","","","Transfer",""
"0xf6135fc7a18a461bcb2d4e2f32b38f7f168acb61c730c9bb241a0eabcee31a6d","16530723","1675215335","2023-02-01 01:35:35","0x3bee5122e2a2fbe11287aafb0cb918e22abb5436","0xa4c94a6091545e40fc9c3e0982aec8942e282f38","","0.033881108948503472","0","52.9632883193901","0.000323045747409","0.504988342807223","1641.61","","","Transfer",""
"0x54e03d454448c49e08a501cd75a1192b1fb524a564ea6b60e0e969fbb6afe9b0","16532664","1675238747","2023-02-01 08:05:47","0xdafea492d9c6733ae3d56b7ed1adb60692c98bc5","0xa4c94a6091545e40fc9c3e0982aec8942e282f38","","0.04555382660555586","0","71.210197288071","0.000347109696549","0.542605348742362","1641.61","","","Transfer",""
"0x10e89d1eedcf66239ea0221887d57e26a39a4a8995352b8a893ab11a21342b42","16532828","1675240739","2023-02-01 08:38:59","0xdafea492d9c6733ae3d56b7ed1adb60692c98bc5","0xa4c94a6091545e40fc9c3e0982aec8942e282f38","","0.029449122701837094","0","46.0351630987388","0.000343817858706","0.537459514907806","1641.61","","","Transfer",""
"0xa7c07d2061a78c9fc3f2007be3ec3abf4fdf3977f4653ca489d4acae5f097ea1","16533186","1675245071","2023-02-01 09:51:11","0xdafea492d9c6733ae3d56b7ed1adb60692c98bc5","0xa4c94a6091545e40fc9c3e0982aec8942e282f38","","0.049521190228414038","0","77.4120197769591","0.000315597885834","0.493345771114567","1641.61","","","Transfer",""
"0x07eee0a87d1e85a04fd6eab5e977b4bf1f6bb6b95db8f474a63630e93c565301","16539453","1675320791","2023-02-02 06:53:11","0x690b9a9e9aa1c9db991c7721a92d351db4fac990","0xa4c94a6091545e40fc9c3e0982aec8942e282f38","","0.035953576869050592","0","56.2029908974686","0.000399553924896","0.624586690936676","1642.74","","","Transfer",""
"0x67ad1b3413a05e706ea88afca412081998d71bc45985195e807886daf35a77b3","16542203","1675354055","2023-02-02 16:07:35","0x95222290dd7278aa3ddd389cc1e1d165cc4bafe5","0xa4c94a6091545e40fc9c3e0982aec8942e282f38","","0.048409372973351817","0","75.6740159256733","0.000947270395365","1.48078255473852","1642.74","","","Transfer",""
"0x795160101b41e9c95f21d3cb00c7ef15b346b08dfaad177cc643ee2a9cf30222","16543538","1675370195","2023-02-02 20:36:35","0xdafea492d9c6733ae3d56b7ed1adb60692c98bc5","0xa4c94a6091545e40fc9c3e0982aec8942e282f38","","0.040337744388316029","0","63.0563654052595","0.000823625641356","1.28749983882411","1642.74","","","Transfer",""
"0xc1cd9826ebe5f7db4cdcf0731a8c9bf7b3c9539e7a61f4d0225e019059d2de75","16544592","1675382939","2023-02-03 00:08:59","0xfeebabe6b0418ec13b30aadf129f5dcdd4f70cea","0xa4c94a6091545e40fc9c3e0982aec8942e282f38","","0.027929877506251404","0","43.6602638165473","0.00057846195477","0.904257512316012","1663.97","","","Transfer",""
"0xcb348b36671a5a16a6a3ad7e45c3ef0afafee0bfcaab2b3f7a1c6d9b5c7d65a3","16545140","1675389587","2023-02-03 01:59:47","0x95222290dd7278aa3ddd389cc1e1d165cc4bafe5","0xa4c94a6091545e40fc9c3e0982aec8942e282f38","","0.114277682538100248","0","178.640016120384","0.000538416770892","0.841658480426083","1663.97","","","Transfer",""
"0xe7c0a53cf556013ea35ed41da7dccc9e0cb56b9eb8568e7f7bedeea216214bdc","16545898","1675398839","2023-02-03 04:33:59","0xdafea492d9c6733ae3d56b7ed1adb60692c98bc5","0xa4c94a6091545e40fc9c3e0982aec8942e282f38","","0.028818768519614479","0","45.0497871375466","0.000592752203715","0.926596172369325","1663.97","","","Transfer",""
"0x712c2d6a67f4673ba87b9a8d7da28cd6fdd6417e79ccc512428fd20e6e611dc6","16552354","1675476659","2023-02-04 02:10:59","0xdafea492d9c6733ae3d56b7ed1adb60692c98bc5","0xa4c94a6091545e40fc9c3e0982aec8942e282f38","","0.046677924520717464","0","72.9673983900308","0.000832166507781","1.30085100662834","1666.89","","","Transfer",""
"0xa6c39814dee20ef3ff975fbcf2b021cb4bd461516527cbce64127befaed0c187","16553198","1675486835","2023-02-04 05:00:35","0xdafea492d9c6733ae3d56b7ed1adb60692c98bc5","0xa4c94a6091545e40fc9c3e0982aec8942e282f38","","0.015501923147494515","0","24.2327612833949","0.000397820028333","0.621876246490429","1666.89","","","Transfer",""
"0x1cf2a53107e64df48f6820f3434b31ea2b7e53d55b2b20fa491227966187de86","16555319","1675512515","2023-02-04 12:08:35","0x95222290dd7278aa3ddd389cc1e1d165cc4bafe5","0xa4c94a6091545e40fc9c3e0982aec8942e282f38","","0.061067022112712539","0","95.4605796368134","0.000402362435097","0.628976982167981","1666.89","","","Transfer",""
"0x86248f4246b2a38dc28a2bf2847ff988ed9d5c8d31cd9cbc78563f9cc119ce8f","16556713","1675529363","2023-02-04 16:49:23","0x95222290dd7278aa3ddd389cc1e1d165cc4bafe5","0xa4c94a6091545e40fc9c3e0982aec8942e282f38","","0.050027588781344366","0","78.2036270588853","0.000483863592198","0.756380405959836","1666.89","","","Transfer",""
"0x471356641d0d87674a60a7d84866545f83642f1ade532352ad3fac5a5adeb6cc","16560337","1675572995","2023-02-05 04:56:35","0xdafea492d9c6733ae3d56b7ed1adb60692c98bc5","0xa4c94a6091545e40fc9c3e0982aec8942e282f38","","0.020071486253570824","0","31.3759480264444","0.000325215512895","0.508380141912593","1629.80","","","Transfer",""
"0xce04f55b94009ca4218c5d92b70b7d49402d2c57c9808e49a208c94a12c07ef0","16566557","1675648055","2023-02-06 01:47:35","0x95222290dd7278aa3ddd389cc1e1d165cc4bafe5","0xa4c94a6091545e40fc9c3e0982aec8942e282f38","","0.021136040447949228","0","33.0400697886387","0.000327386449887","0.511773772327857","1614.31","","","Transfer",""
"0x351339c06214a5c114b99cab91d886e4aaf961aa0de6f1d71707db14a28d778d","16567396","1675658171","2023-02-06 04:36:11","0x690b9a9e9aa1c9db991c7721a92d351db4fac990","0xa4c94a6091545e40fc9c3e0982aec8942e282f38","","0.019824170308725782","0","30.9893412683032","0.000331448781741","0.518124050105349","1614.31","","","Transfer",""
"0xbad1bdebd8f73dea3ab07ba8a60fee5429d666ba350633ffd5decbcc715ba36f","16573450","1675731155","2023-02-07 00:52:35","0x95222290dd7278aa3ddd389cc1e1d165cc4bafe5","0xa4c94a6091545e40fc9c3e0982aec8942e282f38","","0.034663457195697013","0","54.1862629228855","0.000590526323646","0.923116654386664","1671.61","","","Transfer",""
"0x1f133b740b666a5344c2ff7a67a7b25836c8147260928266bba40927d4a3b09a","16579904","1675809191","2023-02-07 22:33:11","0xdafea492d9c6733ae3d56b7ed1adb60692c98bc5","0xa4c94a6091545e40fc9c3e0982aec8942e282f38","","0.062493091482511155","0","97.6898255363763","0.000911115101778","1.42426423825039","1671.61","","","Transfer",""
"0x1e79326b9eb0354083494c2ea4715412d3072b50ce51e8334cdbac6b9e6f105b","16583038","1675846943","2023-02-08 09:02:23","0xce0babc8398144aa98d9210d595e3a9714910748","0xa4c94a6091545e40fc9c3e0982aec8942e282f38","","0.020011369373673298","0","31.2819727186198","0.00048203035545","0.753514671942994","1650.95","","","Transfer",""
"0xbcac8cfe2efee8807a529b39f807f06f84b1cbba0e98d940139a7c5ce9d0a5af","16583348","1675850699","2023-02-08 10:04:59","0x690b9a9e9aa1c9db991c7721a92d351db4fac990","0xa4c94a6091545e40fc9c3e0982aec8942e282f38","","0.079110281391772431","0","123.665982974433","0.000543796606773","0.850068293673621","1650.95","","","Transfer",""
"0x06e3538490e1473c62ba70f443dbe2a71ccede0c010276747d38e6e1f9670e15","16589202","1675921595","2023-02-09 05:46:35","0xdafea492d9c6733ae3d56b7ed1adb60692c98bc5","0xa4c94a6091545e40fc9c3e0982aec8942e282f38","","0.026638447802432096","0","41.6414879892399","0.000463195812156","0.724072325520381","1545.78","","","Transfer",""
"0x166c3214f4353793d60947c9fe38a9086b369d97eee1f5342bf6a510aaea4a7a","16590763","1675940459","2023-02-09 11:00:59","0xbd3afb0bb76683ecb4225f9dbc91f998713c3b01","0xa4c94a6091545e40fc9c3e0982aec8942e282f38","","0.020688722192865646","0","32.3408174191095","0.000503507182353","0.787087462526033","1545.78","","","Transfer",""
"0x0bbf109056f1073e7eb16fb9f7d15df74ce5faa4aa3414cbf57dd48d5097544a","16592967","1675967099","2023-02-09 18:24:59","0x690b9a9e9aa1c9db991c7721a92d351db4fac990","0xa4c94a6091545e40fc9c3e0982aec8942e282f38","","0.024408784189476627","0","38.1560555328318","0.000905761120194","1.41589484069846","1545.78","","","Transfer",""
"0x1593e19e4c2e0048d9a3118293d1bae8f5e2bf9cb207131d38c52c5ae4b5504e","16594061","1675980347","2023-02-09 22:05:47","0xdafea492d9c6733ae3d56b7ed1adb60692c98bc5","0xa4c94a6091545e40fc9c3e0982aec8942e282f38","","0.04176263585384257","0","65.2837699930852","0.001203383454588","1.88114105004651","1545.78","","","Transfer",""
"0x3880d0bce3bb2b063b159ada9c5d10654e13e20ed80b23e2dc507953aa72c14b","16598985","1676039663","2023-02-10 14:34:23","0xdafea492d9c6733ae3d56b7ed1adb60692c98bc5","0xa4c94a6091545e40fc9c3e0982aec8942e282f38","","0.066776774926718729","0","104.386122333196","0.000504355533696","0.788413613828924","1513.79","","","Transfer",""
"0x191515cff103dd62cedc6d9081409d04a21c671bed2c884c00dcf3faf277c165","16600133","1676053547","2023-02-10 18:25:47","0x3c496df419762533607f30bb2143aff77bebc36a","0xa4c94a6091545e40fc9c3e0982aec8942e282f38","","0.408413804651565378","0","638.436543569374","0.000610152731391","0.953796851237725","1513.79","","","Transfer",""
"0x736ae2ca7a673d109d915e8895222665c547a63047cc0ddb378f79422d47bd7d","16603358","1676092427","2023-02-11 05:13:47","0x690b9a9e9aa1c9db991c7721a92d351db4fac990","0xa4c94a6091545e40fc9c3e0982aec8942e282f38","","0.059976031309469483","0","93.7551319032758","0.000320204015397","0.500546118908744","1538.79","","","Transfer",""
"0x1729d77e0b3b6e659504f4d2a37abf7b621225c07428984ba027ee96259f0a4d","16604522","1676106467","2023-02-11 09:07:47","0x690b9a9e9aa1c9db991c7721a92d351db4fac990","0xa4c94a6091545e40fc9c3e0982aec8942e282f38","","0.018458256734129758","0","28.854131509359","0.000326324028093","0.510112983955259","1538.79","","","Transfer",""
"0x6e1554e4f2fa3f087b1e6fa32249e094f820474ace3dd1ffe3bfed3330f9f322","16604534","1676106611","2023-02-11 09:10:11","0x690b9a9e9aa1c9db991c7721a92d351db4fac990","0xa4c94a6091545e40fc9c3e0982aec8942e282f38","","0.020406582547650966","0","31.8997739043135","0.00033134423931","0.517960628331785","1538.79","","","Transfer",""
"0xf84d8e598f45321dd5ce5ad6e265e7fb39973d00d266e7311659320b8b7c04f4","16606833","1676134379","2023-02-11 16:52:59","0xdafea492d9c6733ae3d56b7ed1adb60692c98bc5","0xa4c94a6091545e40fc9c3e0982aec8942e282f38","","0.026200246164155468","0","40.9564868062695","0.000401546583102","0.627701634170877","1538.79","","","Transfer",""
"0x6167a8821231aec5ed5ee3634851778e6bb4fa295f66ee2b169bd03cbfd705cc","16614033","1676221211","2023-02-12 17:00:11","0x690b9a9e9aa1c9db991c7721a92d351db4fac990","0xa4c94a6091545e40fc9c3e0982aec8942e282f38","","0.069936762756433733","0","109.325846908485","0.00033288862635","0.520374829596584","1515.42","","","Transfer",""
"0x379f47fa8892df2b3c6490d1d2b0e012c734c9d5d51966daeb9123f93b3109cb","16617990","1676269007","2023-02-13 06:16:47","0xdafea492d9c6733ae3d56b7ed1adb60692c98bc5","0xa4c94a6091545e40fc9c3e0982aec8942e282f38","","0.084473307068452012","0","132.049518342475","0.000269160718071","0.420754726095768","1506.37","","","Transfer",""
"0xeddff8e6bb3dd5e355bf87187b8016764c2241bf66bc8170e51ae46fb64860a1","16621279","1676308715","2023-02-13 17:18:35","0x95222290dd7278aa3ddd389cc1e1d165cc4bafe5","0xa4c94a6091545e40fc9c3e0982aec8942e282f38","","0.050051439646012382","0","78.240910969043","0.000646060033815","1.00992750545995","1506.37","","","Transfer",""
"0xb02ccd63ed4d536a14df8804be8edd152b66a92f67ab00e52942220a414e7beb","16623419","1676334539","2023-02-14 00:28:59","0x95222290dd7278aa3ddd389cc1e1d165cc4bafe5","0xa4c94a6091545e40fc9c3e0982aec8942e282f38","","0.126976241404495628","0","198.490530325922","0.000397474444038","0.621336025664642","1556.14","","","Transfer",""
"0x277f9df3fd0c8a06bb5acd9155ee2122c8d51d818adf5f3db8d941665b084c17","16625531","1676360051","2023-02-14 07:34:11","0x690b9a9e9aa1c9db991c7721a92d351db4fac990","0xa4c94a6091545e40fc9c3e0982aec8942e282f38","","0.027574917736635135","0","43.1053871550854","0.000288375273858","0.450791111847564","1556.14","","","Transfer",""
"0xe63b8b2c864cab49185cae560f832520795c1263c15bf17be3b36992182901da","16627644","1676385623","2023-02-14 14:40:23","0x690b9a9e9aa1c9db991c7721a92d351db4fac990","0xa4c94a6091545e40fc9c3e0982aec8942e282f38","","0.039764164371129642","0","62.1597393865936","0.00047193999741","0.737741323351286","1556.14","","","Transfer",""
"0xa7d61b52e9757ac04e72c6ff58cce49046e344a60ab3ac1d4ce725e07040ea71","16629281","1676405423","2023-02-14 20:10:23","0x95222290dd7278aa3ddd389cc1e1d165cc4bafe5","0xa4c94a6091545e40fc9c3e0982aec8942e282f38","","0.092579349188063887","0","144.720964444273","0.00354118540713","5.53561644027969","1556.14","","","Transfer",""
"0x11fb289b5b5996f66c6a0ca56b73446c44ab1f671b4dba97f4e97622e88ed832","16631749","1676435183","2023-02-15 04:26:23","0xdafea492d9c6733ae3d56b7ed1adb60692c98bc5","0xa4c94a6091545e40fc9c3e0982aec8942e282f38","","0.025950589676371552","0","40.5662212880008","0.000624909771843","0.976865204442696","1675.34","","","Transfer",""
"0x9fc1e0e4c89a88ea40e4ed140077d20e57d70754945ea186701b3acb37c14a36","16638746","1676519735","2023-02-16 03:55:35","0xdafea492d9c6733ae3d56b7ed1adb60692c98bc5","0xa4c94a6091545e40fc9c3e0982aec8942e282f38","","0.098792278663496268","0","154.433077929564","0.000638087118501","0.997464164511948","1638.41","","","Transfer",""
"0xf6653ccbd3b396c8cbe359a0794ef0fa3ac413c41a425bbdc0ac0c25196992be","16643155","1676572991","2023-02-16 18:43:11","0xa4c94a6091545e40fc9c3e0982aec8942e282f38","0x8f846c443cfa44a6e95aacd2ac362b6cf4fd4335","","0","0","0","0.007409271663288339","11.582247556769","1638.41","","","Restake",""
"0xb807fbdabfa635e079554295182c89a200b0b2291e5d9a1fd3d8d134bc4427d5","16646642","1676615159","2023-02-17 06:25:59","0xdafea492d9c6733ae3d56b7ed1adb60692c98bc5","0xa4c94a6091545e40fc9c3e0982aec8942e282f38","","0.112373363008753167","0","175.663164788913","0.000502911009636","0.786155519373092","1694.30","","","Transfer",""
"0xaca7e5e947573b837f70291f527b5c4a23787171919c4c30c068646836bb084a","16649086","1676644919","2023-02-17 14:41:59","0x95222290dd7278aa3ddd389cc1e1d165cc4bafe5","0xa4c94a6091545e40fc9c3e0982aec8942e282f38","","0.027659941788591889","0","43.2382976033447","0.001306216791831","2.04189115115814","1694.30","","","Transfer",""
"0x3a0b93f3a748ee7504927d570cff522477574031d69a442f6750d7c59de5ac9c","16649608","1676651303","2023-02-17 16:28:23","0xa4c94a6091545e40fc9c3e0982aec8942e282f38","0x777845d9edf338fe1a44975e478e6ba3cfcbc955","","0","0.01","15.6321","0.000931905723357","1.4567643458089","1694.30","","","Transfer",""
"0x7172aae1c4bd11c4d2ca875127d833d32d717dcb33c563edcebbc18770acbf8c","16649629","1676651555","2023-02-17 16:32:35","0xa4c94a6091545e40fc9c3e0982aec8942e282f38","0x777845d9edf338fe1a44975e478e6ba3cfcbc955","","0","28.4","44395.164","0.000964753103559","1.50811169901446","1694.30","","","Transfer",""
"0x8488331434113fa24a2cba1925c32c79fb0ac6b01c388490e3a5838f5a4a5468","16655265","1676720207","2023-02-18 11:36:47","0xdafea492d9c6733ae3d56b7ed1adb60692c98bc5","0xa4c94a6091545e40fc9c3e0982aec8942e282f38","","0.031102255002638823","0","48.619356042675","0.000552765164595","0.86408803294655","1691.98","","","Transfer",""
"0x38147f7f2e7924afe79252cf9447b39388af1104babe7681c78cab312dddc558","16659855","1676775923","2023-02-19 03:05:23","0x1f9090aae28b8a3dceadf281b0f12828e676c326","0xa4c94a6091545e40fc9c3e0982aec8942e282f38","","0.118541368680376672","0","185.305052934852","0.000405578503239","0.634004372048237","1681.25","","","Transfer",""
"0xa464c48ef8d600d25b09f6aef595dc578da6cbc437eb6f0e15dada1aa673da87","16660077","1676778623","2023-02-19 03:50:23","0xdafea492d9c6733ae3d56b7ed1adb60692c98bc5","0xa4c94a6091545e40fc9c3e0982aec8942e282f38","","0.034169402419107784","0","53.4139515555735","0.000477468389454","0.746383361078387","1681.25","","","Transfer",""
"0x4add127f368d409d54e6cbc1610ce19fa05b7b6b1274869250726155cec913a4","16662457","1676807543","2023-02-19 11:52:23","0x95222290dd7278aa3ddd389cc1e1d165cc4bafe5","0xa4c94a6091545e40fc9c3e0982aec8942e282f38","","0.046228741561275545","0","72.2652310960015","0.000394076593323","0.616024471448447","1681.25","","","Transfer",""
"0x4eabcb7a83cbbadb1e4f194bca7e03961b2fd6720412e4e0d90fa14b5c1382b8","16663569","1676821007","2023-02-19 15:36:47","0x690b9a9e9aa1c9db991c7721a92d351db4fac990","0xa4c94a6091545e40fc9c3e0982aec8942e282f38","","0.216228590578054313","0","338.01069507752","0.000644400127182","1.00733272281217","1681.25","","","Transfer",""
"0x930a167c3a47055faabb6b68a8de96d3637520150b9ab9c4ae84a590b8c470d3","16664394","1676831039","2023-02-19 18:23:59","0x5f927395213ee6b95de97bddcb1b2b1c0f16844f","0xa4c94a6091545e40fc9c3e0982aec8942e282f38","","0.089571561090693938","0","140.019160012584","0.000622548101364","0.973173417533218","1681.25","","","Transfer",""
"0x8a0ca69067577db1fc1bd348482c526dc040ecf97460e26b6009745ffdd69e1a","16664984","1676838203","2023-02-19 20:23:23","0x690b9a9e9aa1c9db991c7721a92d351db4fac990","0xa4c94a6091545e40fc9c3e0982aec8942e282f38","","0.040091751614243811","0","62.6718270409021","0.000440717407578","0.688933858700005","1681.25","","","Transfer",""
"0x15fc4ef343a4205d969af306146ede6489e4dd1ac0282aad535f385eb33dedd7","16667025","1676862971","2023-02-20 03:16:11","0x690b9a9e9aa1c9db991c7721a92d351db4fac990","0xa4c94a6091545e40fc9c3e0982aec8942e282f38","","0.042145750080310884","0","65.8826579830428","0.000351005334099","0.548695048316898","1703.53","","","Transfer",""
"0x04f18e96caa6fe8e59eaec68dac5f49ce0ff9f7aa3a1f042fba4ddd45d8c59d4","16671553","1676917871","2023-02-20 18:31:11","0xdafea492d9c6733ae3d56b7ed1adb60692c98bc5","0xa4c94a6091545e40fc9c3e0982aec8942e282f38","","0.057425813961885067","0","89.7686066433584","0.000674051813715","1.05368453571743","1703.53","","","Transfer",""
"0xca725bed6fe4fc8e7b0f1f3046a42d5b14ded0ec8ee02b27d3673ef77bc49e95","16671664","1676919203","2023-02-20 18:53:23","0x690b9a9e9aa1c9db991c7721a92d351db4fac990","0xa4c94a6091545e40fc9c3e0982aec8942e282f38","","0.051408646442991028","0","80.362510206148","0.000765375315516","1.19644234696777","1703.53","","","Transfer",""
"0xe663857234cbffdfd21d07c32fb9a14bc35bdeea41e66be49466671b4e8a0a11","16676750","1676980991","2023-02-21 12:03:11","0xdafea492d9c6733ae3d56b7ed1adb60692c98bc5","0xa4c94a6091545e40fc9c3e0982aec8942e282f38","","0.07131005744629745","0","111.472594900627","0.000528659776869","0.82640624979939","1659.64","","","Transfer",""
"0x12805568f9fa4d31a9b1819b57e9576aa48296e2c004e92159c2cf84485f6a80","16678818","1677006071","2023-02-21 19:01:11","0x95222290dd7278aa3ddd389cc1e1d165cc4bafe5","0xa4c94a6091545e40fc9c3e0982aec8942e282f38","","0.181906151772157718","0","284.357515511755","0.000898963251543","1.40526834444453","1659.64","","","Transfer",""
"0x4f4ca1932475b360a61a74636f3f7d069bde995ddec6191b2f6c71844b7f5696","16680324","1677024311","2023-02-22 00:05:11","0x95222290dd7278aa3ddd389cc1e1d165cc4bafe5","0xa4c94a6091545e40fc9c3e0982aec8942e282f38","","0.067486458135175177","0","105.495506221487","0.00060259473582","0.941982116981182","1643.28","","","Transfer",""
"0xd8128a12dd55711d7a63035e0d8c2c02ff115aa885efbd815300e4be01e9e1eb","16681845","1677042887","2023-02-22 05:14:47","0xf2f5c73fa04406b1995e397b55c24ab1f3ea726c","0xa4c94a6091545e40fc9c3e0982aec8942e282f38","","0.110134470919698208","0","172.163306286381","0.000498901132464","0.779887239279049","1643.28","","","Transfer",""
"0xae8d97f1e104646e9e9a278ba98ae4bdc31b19fc61c3174fd824985f2ee28795","16684621","1677076715","2023-02-22 14:38:35","0xdafea492d9c6733ae3d56b7ed1adb60692c98bc5","0xa4c94a6091545e40fc9c3e0982aec8942e282f38","","0.182295054080931177","0","284.965451489852","0.000961869895644","1.50360463956966","1643.28","","","Transfer",""
"0xd6189d048a110604c1287a1cd6bbeb8c5f4466ebd29e8eae9d7abf834786e3bd","16688509","1677123911","2023-02-23 03:45:11","0xd2090025857b9c7b24387741f120538e928a3a59","0xa4c94a6091545e40fc9c3e0982aec8942e282f38","","0.038200639065827941","0","59.7156209940929","0.000577113270258","0.902149235200008","1650.59","","","Transfer",""
"0xd37e38cf45c4e67f6add71eb1e9c25e043f13ad5122934da4ab2721456880873","16689157","1677131759","2023-02-23 05:55:59","0x95222290dd7278aa3ddd389cc1e1d165cc4bafe5","0xa4c94a6091545e40fc9c3e0982aec8942e282f38","","0.079055913532916796","0","123.580994593791","0.000535189357458","0.83661335547192","1650.59","","","Transfer",""
"0x64def0ee4492ed5b21dac7165918da6a3660484f1c05b84105d48264c4d6a86e","16689684","1677138143","2023-02-23 07:42:23","0xdafea492d9c6733ae3d56b7ed1adb60692c98bc5","0xa4c94a6091545e40fc9c3e0982aec8942e282f38","","0.017474109382127068","0","27.3157025272349","0.000669946340427","1.04726681881889","1650.59","","","Transfer",""
"0xdae1c2a5248a2d33a86c11f40ae3e866b214f82d2862394e4bc096bf6021285a","16690585","1677149087","2023-02-23 10:44:47","0x690b9a9e9aa1c9db991c7721a92d351db4fac990","0xa4c94a6091545e40fc9c3e0982aec8942e282f38","","0.117167035993573362","0","183.156682335514","0.000549677698143","0.859261674514119","1650.59","","","Transfer",""
"0x6302fc1121620f260361243050ef472316641c54852935070227d8409031671b","16693450","1677183863","2023-02-23 20:24:23","0x690b9a9e9aa1c9db991c7721a92d351db4fac990","0xa4c94a6091545e40fc9c3e0982aec8942e282f38","","0.072455099643905468","0","113.262536314349","0.000824662782363","1.28912110801767","1650.59","","","Transfer",""
"0x55cd8e57896f1f24a11e7b5719f925d658844b316dc82a84d6761d44b717c8a6","16693879","1677189083","2023-02-23 21:51:23","0xdafea492d9c6733ae3d56b7ed1adb60692c98bc5","0xa4c94a6091545e40fc9c3e0982aec8942e282f38","","0.024113676107736009","0","37.694739628374","0.000695923182822","1.08787407861918","1650.59","","","Transfer",""
"0xb0e1c908a94b0bad06947431c21f01df7acf42f546487c9803706b11e5dd8842","16694437","1677195875","2023-02-23 23:44:35","0xdafea492d9c6733ae3d56b7ed1adb60692c98bc5","0xa4c94a6091545e40fc9c3e0982aec8942e282f38","","0.048461276533535113","0","75.7551520899874","0.000685139325339","1.07101664476318","1650.59","","","Transfer",""
"0xb430fa513d289b822b756936843dcba9cfebac371f6e1c40357798a6916cc6e0","16694958","1677202211","2023-02-24 01:30:11","0xeeee8db5fc7d505e99970945a9220ab7992050e3","0xa4c94a6091545e40fc9c3e0982aec8942e282f38","","0.076530117511825347","0","119.632644995661","0.000616704307548","0.964038340602109","1607.86","","","Transfer",""
"0x68918121b3662cad6e1eab0ae8cd9b2340d5e422bd66bd83e44be3122ecf9ee6","16696632","1677222587","2023-02-24 07:09:47","0xdafea492d9c6733ae3d56b7ed1adb60692c98bc5","0xa4c94a6091545e40fc9c3e0982aec8942e282f38","","0.013444583727196569","0","21.016707728191","0.000556126069527","0.869341833145302","1607.86","","","Transfer",""
"0xd6b3dadf2af322f6175c1b9745ebb4b06ce0311717259bf066a7cfb64a8821fb","16698820","1677249323","2023-02-24 14:35:23","0xdafea492d9c6733ae3d56b7ed1adb60692c98bc5","0xa4c94a6091545e40fc9c3e0982aec8942e282f38","","0.216601665893172549","0","338.593890140866","0.000580136540361","0.906875241257719","1607.86","","","Transfer",""
"0xdfe471150d79a5f60d7fba8dd07d426bd90a81df7db6d23097791c59bdd796a1","16701095","1677277079","2023-02-24 22:17:59","0xdafea492d9c6733ae3d56b7ed1adb60692c98bc5","0xa4c94a6091545e40fc9c3e0982aec8942e282f38","","0.027449498939253362","0","42.9093312368302","0.000522396962766","0.816616156165439","1607.86","","","Transfer",""
"0x100f55b375d1b2fe8abe96ee20856abbc1d9e405ca88daf69ad7e36f4efef4be","16702368","1677292475","2023-02-25 02:34:35","0xfeebabe6b0418ec13b30aadf129f5dcdd4f70cea","0xa4c94a6091545e40fc9c3e0982aec8942e282f38","","0.016493790988740441","0","25.7832590115089","0.000520314781497","0.813361269583926","1594.76","","","Transfer",""
"0x105dfca7117309d86816cdf567d74a7f7afdd30d87dacaeee2143430481bb73b","16702425","1677293159","2023-02-25 02:45:59","0x95222290dd7278aa3ddd389cc1e1d165cc4bafe5","0xa4c94a6091545e40fc9c3e0982aec8942e282f38","","0.076273598679132459","0","119.231652191207","0.000393327065124","0.614852801472488","1594.76","","","Transfer",""
"0x2d90699244829dc7e02635cd4240e2943b309c12650ef9b918dd45659284169d","16702551","1677294671","2023-02-25 03:11:11","0x690b9a9e9aa1c9db991c7721a92d351db4fac990","0xa4c94a6091545e40fc9c3e0982aec8942e282f38","","0.068419360290872442","0","106.953828200295","0.00046897846044","0.733111819144412","1594.76","","","Transfer",""
"0xb16a4ab3533b14819c33f1b7f715d7854f6ccaf6d58552f43b5e0d9f5cb3a7dc","16703345","1677304307","2023-02-25 05:51:47","0x5f927395213ee6b95de97bddcb1b2b1c0f16844f","0xa4c94a6091545e40fc9c3e0982aec8942e282f38","","0.015408205076064787","0","24.0862602569552","0.000421211501445","0.658442031173838","1594.76","","","Transfer",""
"0x46d313326b519356d7194db7005d66f6fdc8f57c6016d4dfe1d2cd9ceee4fb0d","16703684","1677308411","2023-02-25 07:00:11","0x690b9a9e9aa1c9db991c7721a92d351db4fac990","0xa4c94a6091545e40fc9c3e0982aec8942e282f38","","0.094788569855459377","0","148.174440283753","0.000380816470188","0.595296114362583","1594.76","","","Transfer",""
"0x384bbc3c4ab7e61056857b6136b6980a514254cf36af11957ebab9dfb93ffb2f","16705638","1677332243","2023-02-25 13:37:23","0x690b9a9e9aa1c9db991c7721a92d351db4fac990","0xa4c94a6091545e40fc9c3e0982aec8942e282f38","","0.205964004079277786","0","321.964990816768","0.000479779334916","0.74999585413404","1594.76","","","Transfer",""
"0xd2743d57af53034b4028ded4b11093a25dde095d1193061d94ca23bd391c2790","16709897","1677384071","2023-02-26 04:01:11","0xd2090025857b9c7b24387741f120538e928a3a59","0xa4c94a6091545e40fc9c3e0982aec8942e282f38","","0.020865905035500112","0","32.6177914105441","0.000331139743935","0.517640959116631","1641.47","","","Transfer",""
"0xa7302e1e82117dfe13e51d0130514dc80d193a2841df91c0fc0002149a2dbcb4","16713520","1677428027","2023-02-26 16:13:47","0x95222290dd7278aa3ddd389cc1e1d165cc4bafe5","0xa4c94a6091545e40fc9c3e0982aec8942e282f38","","0.048123346941836085","0","75.2268971729476","0.000497036081493","0.776971772950673","1641.47","","","Transfer",""
"0x0b0cfb5aa7b5c676daf9892b4c2c0060b0dd3beefc5bb1e22352efc8090ed9b3","16714565","1677440663","2023-02-26 19:44:23","0xbd3afb0bb76683ecb4225f9dbc91f998713c3b01","0xa4c94a6091545e40fc9c3e0982aec8942e282f38","","0.013405169501355242","0","20.9550950162135","0.000486814301736","0.760992984616732","1641.47","","","Transfer",""
